,e_hbonds_r,hbonds_unsat_r,score_sc_r,hpsasa_r,rmsf_bb_r,e_hbonds_s,hbonds_unsat_s,score_sc_s,hpsasa_s,rmsf_bb_s,foldx,saltb_p,exp_tested,stabilizing,dtm
S12R,1.450212363887799,-1.2386303938426644,1.016904389217484,0.9611331424925766,1.4310139512115991,2.553873429439778,-0.1156274451476018,1.4840492634256788,2.3740286211520085,1.004610832779756,-0.047677352315597325,1.9743411826444637,True,True,0.3
K13P,-0.0530932578459945,-0.1466799150603154,1.0195387297209906,0.2048270759355314,-0.5351803727165292,0.6962724915004512,0.1224290595680496,2.9666696262411643,0.9249767257946389,0.7106174058807285,0.2382444411233132,1.9237170497561469,True,False,-4
A16R,2.560210808521496,-2.265389799264873,0.214976936786578,0.8408293164866717,0.1107438300560944,2.0332611479324556,0.1224290595680496,-0.9168807819533096,1.378688941408363,-1.319510764163784,0.577536405064758,1.5085991600719235,True,False,-0.5
S111R,0.4702940334798356,-1.075652710442314,-0.843807044633126,0.9611331424925766,1.6244944573694078,1.8702532225703836,0.5101210815335412,0.6826961838392355,1.7405679992164382,1.268567351060148,1.667284126499172,1.6908460384698754,True,False,0
D33K,0.2404086450441392,-0.9534194478920508,-0.3574913410322504,0.7979277943811343,-0.0054589255207007,1.1352130573412578,0.4217000940677285,0.3247640682435858,0.5159619802298326,1.2118814353428342,1.387482112611219,1.569348119537909,True,False,-1.5
Y96F,-0.478782765419289,1.369012540562945,-1.7072108830666268,0.0,0.4223852775759804,3.02425082232659,2.720645768178886,0.8206437173811777,0.6090891049072493,0.9574047638428614,1.036092910022533,2.1565880610424157,True,True,2.8
A19K,1.2130687249409773,-0.6274640810913498,-0.1671151290192064,2.2186667915659415,0.4095494804961153,1.069975363879318,0.7073678997265108,-0.2264648946254215,2.002544879181128,1.4449740511292863,0.7503134370382959,1.1947295361643424,True,True,2.5
S111Q,0.8071739556382141,-0.3259553668007012,-0.3794223947220724,-0.0060883757946546,1.083046192480248,1.9569364247231849,0.1156274451476018,0.654903584964598,0.976067640355236,1.405718723056896,1.0658378850492787,-0.4049930631065572,False,False,
A41S,1.345330998894016,-1.1245460154624192,0.4058679916420696,1.3017576025650337,0.17695853995912,1.6025143468342933,-0.5101210815335392,1.7773022947933494,1.7447646357009734,0.9122306582248784,0.7740809529687578,1.1744798830090155,True,True,0.3
Q7R,0.5373572587187454,-0.5052308185410868,-1.0750644691550837,2.2315834346612045,2.3568254387278365,0.6898123116643382,-0.2652629623974418,-0.6219667309805657,3.583014083521565,3.576231041848041,0.05365481141188117,0.1619972252426194,False,True,4.4
Q7P,-0.9219037146758026,0.4074442085008765,-0.8666656556241469,1.0705082302194102,2.2712030182719003,-0.6547835098814443,0.4897162382722007,0.4470893803579354,1.39305682083467,2.3736701794575685,0.7026360847226986,1.6604715587368823,False,False,
G18Q,2.9141286681499743,-1.108248247122384,-0.2356673877004562,1.012607592392841,0.6169919972150152,2.6443675507665327,-0.4285017084881753,-0.7553212941227191,2.1789986067848783,0.9985194990830624,-0.768103493872474,0.7087378604364752,False,False,
A11R,1.2499215585453385,-2.0861143475244877,0.8539449086035246,1.748462860671362,1.2595276937840636,1.5817680424789913,-1.6119826176459913,0.9202274096751812,2.7008493663441007,0.9106228299544308,-0.4703691026956692,0.4353675428395502,False,False,
S21R,0.8301181471815745,-0.8230373011717707,-0.281665846175824,0.5223728332911394,0.3068803823303159,2.777420810595612,1.768419749316276,0.2515156135916564,1.2524401333277615,0.3808243911783885,0.08339978643862696,2.6020804304596292,False,False,
A16K,1.1138994171360583,-0.7659951119816478,0.1140947729346933,1.832052295830291,-0.957373940296669,1.7509090499639617,1.6663955330095677,0.2429563829511626,2.3711356686224296,-1.043864356571854,0.36917925942286406,-0.0809986126213125,False,False,
S15K,0.554515859457659,2.895065225778214e-16,0.4875960567367464,-0.5582365677627098,0.0858481880244403,2.1830865738218797,0.5645339968971196,0.9061275990819456,-0.1735686294652144,0.345569498317098,0.7323810597494442,0.3746185833735643,True,True,1
G18K,0.9870851607483624,-1.4097569614130323,-1.0069582878165655,1.979829110680073,-0.252632971987601,1.942211092387469,0.5645339968971196,-0.3848556652030877,1.961256909241145,0.7287409944781339,-1.0658378850492787,0.7796116464801216,False,False,
L106I,0.4253357512604891,-0.0162977683400349,-0.8084368402020832,-0.1359716516085587,-0.6488169361548681,1.6300386961421758,1.0202421630670824,2.024603508278071,0.0801640641241507,-0.1910086428583343,-0.16082211378097006,1.4174757208729505,False,False,
D24R,0.4385865655712734,-1.809052285743891,1.1674043481518794,0.6936656573095996,0.222252774716465,2.3459480965784376,0.1428339028293911,-0.461808449699202,1.19113639172206,-0.7316118301739541,1.756661372034083,1.711095691625202,True,False,-3.8
L29I,-0.021387209505301,-0.0488933050201051,0.8042701966442135,0.0706409507636442,0.4719571934772815,0.4380875398487575,0.6257485266811449,0.4743088667991575,0.1792794235608161,-0.0572919067379831,-0.577536405064758,2.4603328583723334,False,False,
G18S,2.529019779403458,-0.676357386111455,-1.1825561180782316,1.018695968187496,0.7268468404238547,1.9669031777762949,1.4895535580779424,0.6397730493313533,1.792848717599319,-0.3006080338544974,-0.3096893093693725,0.6378640743928289,False,False,
A41R,0.5750939152779726,-1.7031167915336636,-0.7544903864882149,1.2223057500114345,-0.2523279442916121,2.0501554810318576,-0.408096865226831,0.2060112975554069,1.262575771996977,1.2391294095107246,-0.7026360847226986,2.1768377141977453,True,False,0
T85M,-0.2749285608135734,1.7601589807237863,0.762497501509828,-1.3628026827740425,0.7264679111528249,0.557117639298089,1.884047194463878,0.6039452185052676,-0.9587847656204972,1.262319991179568,0.7503134370382959,0.9821081780334002,False,False,
G18R,2.0907409761460536,-2.7054295444458196,-1.7647718481333494,1.979829110680073,-0.957449550483912,2.8784974662047422,-0.1904452037725208,-0.9857155305189242,2.3291626650749526,-1.0956972328012375,-0.6669136505996689,2.237586673663728,False,False,
Q69R,0.8602311564603509,-0.4889330502010515,-0.2878526056737853,1.279817727543232,0.8468157972325348,1.5189512677776078,-0.4557081661699626,-1.0981736881641255,1.2372228677240724,1.0484115399630256,-0.4286692094763557,1.2352288424749984,True,True,0.3
D24K,-0.5845601616516048,-0.5622730077312095,2.3540062574927907,0.6936656573095996,0.8023922483958303,1.1168062270538042,0.5645339968971178,-1.1172752935967858,1.4633467343729751,-0.0527113191227104,0.8634581985036686,1.8427184371348344,False,False,
L106R,1.4880299358155242,-2.257240915094856,-1.495544127398121,2.3170912830653614,-1.2626858133936585,1.7795264727792384,-1.2310922101009476,-0.5489147595596102,2.625828199584092,-0.6767136526678482,0.2977343911768048,0.8707350856790945,True,False,-2.3
A48H,1.5306675084836114,-0.260764293440561,0.9365563587809927,1.6902827133130276,0.2715063836759305,0.3905823673763512,-1.217488981260052,-0.3640317912314847,1.437893610308886,0.3094250783468226,-0.18458962971143203,-1.2858529753633208,False,False,
S111K,-0.0297007667697933,-0.4237419768409114,-1.0873477056563114,0.9611331424925766,0.7247612526052621,0.2949471734732919,-0.0068016144204467,0.6014953616077652,0.9687304729587144,0.0243520813242999,1.4291820058305322,1.5997225992708997,True,False,-2.3
E6R,-0.0212784706065813,-1.9801788533142597,-0.119090773664672,0.0003570740274854,5.240401077685097,-0.2140170331666904,-1.870443965622984,-0.9587439208739564,1.9469335786289304,3.145131952639771,-0.22628952293074553,0.0607489594659801,False,False,
D144R,0.4125187568902873,-1.9068388957841016,-1.6314937321905243,0.9550429836723048,0.9739389235317918,-0.1781000885505718,-1.4555454859757024,0.0861411324824156,1.1811924486559249,1.458388445167835,0.8395483621185332,1.4478502006059433,False,False,
G18N,0.6485710320598828,-2.4528141351752764,-0.1162147405861009,0.3545108611033213,0.0162218834543466,2.057834858241604,-0.9386227900217148,0.0514423845244815,1.4456959536649177,0.249061106308318,-0.4286692094763557,1.8123439574018416,True,True,0.3
E124D,-0.0267909365531487,-0.0651910733601402,0.1448373549617663,-0.0335010742226051,0.2394026024428236,-0.0073826151715392,0.0952226018862614,-0.5503380288667339,0.2229740255339877,-0.3259638083679012,0.059489950053491586,2.4502080317946704,True,True,1.3
T85V,0.1387130742606174,1.9557322008042068,-0.0110916848787961,-2.233613518340745,0.2702951991743852,0.9935706797875452,2.026881097293269,0.4578237073469126,-1.1083167414753308,0.9730721201564924,2.054395763210888,2.4299583786393435,True,True,6.8
D65E,0.8285117641816949,-0.6519107336014024,1.5738098962170868,-0.3598024271583172,0.3835286054229804,1.2063035576677943,-0.4012952508063842,0.6129475833839123,-0.4844307633145391,1.1089797175014764,-0.2382444411233132,-0.0404993063106591,True,True,0.5
A48R,0.9698726164304496,-2.4609630193452934,-1.051005920714168,2.1783966602005,-0.7460409494298843,0.5518804487949653,-1.7208084483731445,-1.060709322291912,1.9242511303485816,-0.461527423724216,-0.25005703886120745,1.8730929168678272,False,False,
T128R,0.5307923251545471,-0.6763573861114547,-1.6436664575970632,0.9747723345686312,-0.2402050498929319,1.82196031175433,-0.0476113009431296,-0.3076625751019219,0.8204998085022444,-0.0599128349738126,0.5894913232573258,0.4758668491502036,False,False,
L122F,0.3314165732600573,0.2281687567604908,1.147296870846895,0.0006882083264351,-0.0157453430051399,1.449138492893343,0.625748526681143,0.9051953228323416,0.4443106667064713,0.9661821318889716,-0.613401159642461,-0.9517336983004132,True,False,-7.5
L94Y,1.5594393100403252,-1.4586502664331378,1.0435027740447549,1.0370122317426134,0.2740069656358307,2.0905116560039083,-1.1698776803169202,0.0527285965219684,0.5653005432976053,0.0072079902388425,-2.697541897880095,1.1238557501206958,False,False,
R9P,-0.0368920136775293,0.6437618494313847,-1.1280550222490326,0.2129271674746838,-0.1999142283363637,0.0075753456285722,0.2584613479769949,2.2813584859683846,-0.145573801885247,1.4468713360943426,1.4052721694453971,0.3037447973299179,False,False,
N92K,1.5456252111993591,0.4726352818610165,0.3078883267853853,1.943261233072348,2.2240887828080704,0.7803260522591682,-0.36728717870415,0.2515171286450836,1.671947750766035,-0.5731529842456518,1.589861799156829,0.577115114926843,True,True,7.3
K110R,0.8468818241395003,-1.0512060579322613,-0.7914102481891396,-0.0705869119689367,0.6179396546511623,0.7740709679650082,-1.933135087155965e-15,-0.0806604594471117,-0.0438683882558588,0.9529393884841112,1.0241379918299651,0.7289875135918019,True,False,-1.5
E30R,0.1698603806883094,-2.0698165791844527,0.5169740508649624,0.2465692412272029,1.3587486085750111,0.649935901987368,-1.618784232066437,-1.305138577342413,0.8754661086229859,1.49058499184945,0.3632018003265802,0.6176144212374992,False,False,
E30K,0.2153061425136639,-1.1245460154624192,1.1284658006439945,0.4251280847399086,1.2017374205128022,-0.1116835903257669,-0.959027633283057,-0.6924121623686766,-0.141177957803662,1.3078139944498066,0.07742232734234313,1.9135922231784808,False,False,
G89A,0.0166657267750066,-0.0,-0.5821934336404269,0.0,0.881714750412844,1.1416349878479994,1.176679294737369,-0.55705971839965,0.8399740695849967,-1.0127278877731032,-0.3215019071072667,0.9213592185674172,False,False,
A19R,1.6545006723476698,-2.0046255058243125,0.064861832396886,1.4191873345550574,-0.6818158428452437,1.8838515186321216,-0.2720645768178886,-1.4799433190037508,1.3926640993845592,-0.9616876659644964,0.577536405064758,1.376976414562294,False,False,
E68K,0.1924411628573604,-0.7822928803216829,-1.4305265151191713,0.4088655790168211,0.4092044066833001,1.4214133346062765,-0.0748177586249208,-0.7870117295903872,0.3356113746708454,0.5764534747915094,0.3274793662035506,1.903467396600817,False,False,
G129A,-0.0851814538568612,0.3748486718208065,-1.99960099025655,-0.8239181663020766,0.4550774838430931,0.0815141020506695,0.4148984796472797,0.7759626377399105,0.0289618571207984,0.7019212699230751,1.5066043331728756,0.7188626870141357,False,False,
E68R,0.7882965421242433,-1.8416478224239616,-0.290931114971547,0.4088655790168211,0.1407143284094045,1.3500658053810983,-0.7073678997265128,0.1892895344966159,0.269315128113939,0.632694292673455,-0.4585565049577749,-0.3341192770629109,False,False,
E6K,-0.519736730595455,-1.0919504787823493,-0.4347093329959727,0.0642652871816116,3.744104137477797,-1.23517504176133,-1.5371648590210705,-1.7263661309275484,1.775683335988033,1.665088113932376,-0.39892423444960984,1.073231617232373,False,False,
E68Q,0.0338507314762715,-1.1245460154624192,0.2847259661164995,-0.5039209967188738,0.6756757619422108,1.3668312118616726,-0.3672871787041519,-0.3380964423988237,0.0962902069147488,1.1286634012892525,-0.22628952293074553,1.3263522816739717,True,True,0.5
F86W,0.1994597903122986,-1.0675038262722965,-1.4489669966070569,-0.6321851042693158,-0.0668224197075193,1.6287296458180862,0.034008072102236,0.042753351136403,0.8748434267362794,1.925897152217292,-1.7506839129377991,0.4657420225725374,False,False,
I27R,3.1697709799034786,-1.7520100965537688,-0.084754061874099,2.3542765689970424,0.9377170677382496,2.505257212869886,-1.25149705336229,-0.7257450574454166,1.7184844620805302,-0.2868233970371361,-0.6371686755729231,1.3263522816739717,False,False,
L94F,-0.0769488119608672,-0.0651910733601402,0.8901253044242551,1.083232160925416,0.0575675503931824,0.8443058044147113,-0.5101210815335412,-0.1533239158985419,1.0778077212044563,-0.5583802648283582,-2.0067184108952905,0.941608871722744,True,False,0
L94H,2.137650312443729,-0.8556328378518407,0.7850062011145432,1.297493510187336,0.0657970755917271,1.35086722775204,-0.5713356113175665,-0.0139091597814429,0.3953841574179211,-0.2394434070413006,-3.4418778758221067,0.8099861262131145,False,False,
S15R,0.3807695536863938,-1.2141837413326122,-0.4460683709410709,-0.6420811992926592,-1.186523112637461,1.378512095421004,0.3604855642837022,0.19247272426899,0.4819546938200997,0.138063534393961,0.7026360847226986,-1.5490984663825829,False,False,
P8Y,1.191165360558727,-0.3504020193107538,0.2299014435829483,-2.35129061218349,1.6155002539236354,0.9266665026132698,-1.8228326646798545,-0.388836353416689,-0.1590040620840484,2.1567809351751523,-2.280685286141633,0.6682385541258189,False,False,
T85P,-1.1115747327947685,0.0896377258701926,-0.6117602633755431,0.0255002195371439,-0.0267083567702752,0.3992699111769986,0.2856678056587822,-0.1782380838658891,1.057776039990984,0.8350129044935127,0.46453396405405867,1.093481270387703,True,False,-6
T85L,0.3906647934698569,1.9149877799541193,-0.9712843271849606,-2.3765005447192573,-0.0738831648990373,2.4020657980029583,2.0744923982364005,-1.6737628154825763,-0.9935914522705912,0.3138480610839797,1.0063479349957871,0.8808599122567609,True,True,2.5
K26R,0.5067033940821096,-1.0186105212521912,-2.3510372505525874,-0.0422788354118482,0.4822828526788438,0.2541555826440614,-1.1698776803169202,-1.7391010099875213,-0.3166248639095225,0.7738202972778015,-0.21433460473817784,1.133980576698359,True,False,-0.8
A142R,0.4406639611898884,-2.265389799264873,-1.1010757823464463,2.1981804062247443,-0.2075438612726372,0.3985283358170791,-2.1561117712817666,-0.2117117049074607,2.482955207442528,0.5439884862037012,0.17263471151886436,0.6176144212374963,True,False,-2.8
E68H,0.057499596509506,-0.8393350695118056,-2.6160295182419935,-0.0723011267614767,0.7728729985408764,0.9562010849944066,-0.5577323824766727,0.0613307791919778,-0.4341369131381529,1.3810739633174278,-0.5537688891342961,-0.7188626870141415,False,False,
D144K,1.0678815694597392,-0.9126750270419636,-1.8885167074473337,0.5418243105194132,0.3830620764032459,-0.5785741941314818,-1.6731971474300145,-0.9001418279440648,0.7605004846975607,1.827787357972866,0.8932031735304143,0.9821081780334002,False,False,
K42R,0.9387920296925726,-0.8882283745319111,1.0947419833208965,-0.352286381303693,-0.8038614440818538,0.9002680355047713,-1.6663955330095697,-0.7814295098178893,0.4320431736219319,-0.0225621877685965,-0.3632018003265802,1.2352288424749984,True,False,-1.3
S111P,-0.5479583076463764,-0.2933598301206309,-0.934462676738296,0.8981800353065132,0.9298459385422309,-1.2209728349518485,-0.4897162382721987,0.0049975173492807,0.6374416614489526,1.1801185690991676,0.7086135438189823,0.6884882072811485,False,False,
S111I,-0.5356569003259772,1.034908289592226,-0.6346746036088096,-1.7252243047217743,1.6572219217784512,0.3060249706238799,0.7549792006696424,-0.4158550931637378,-0.1926282235836566,0.7497900046861736,1.0003704758995033,-0.5973647680821725,False,False,
A72R,0.7957248568660014,-2.07796546335447,-2.0830418038620313,2.009245319062077,-0.1412620041149727,1.8369850440130469,-0.8774082602376911,-1.283909566051321,2.6838472412762786,-0.3955249271590308,0.12509967965794044,0.1822468783979519,True,False,-1.8
G18A,0.7738748682356023,0.0570421891901226,-0.2923850428924704,-0.2183512955446711,0.5454497416478252,0.9444727195089512,0.5849388401584621,-0.0929809035480716,-0.346129511313902,0.0948908775564704,-0.1369122773958347,0.4151178896842206,False,False,
T76R,-0.7850667413100609,-1.7601589807237872,-1.292886632878831,0.0508830296610332,0.1067212239064931,-0.3701578849647107,-1.387529341771231,-0.8436190580711007,0.1846526895273319,2.1456570826639276,0.8277357643806389,1.5592232929602432,False,False,
T76K,-0.7112724930663498,-0.1466799150603154,-0.4900363653802574,-0.4516244414198425,0.0951160469980585,0.1839829013545829,-0.3944936363859373,-0.0976893207997873,-0.7005212708913001,-0.4923226221319096,0.6549587324071012,0.54674063519385,True,True,1.5
E124K,-0.0026017839892018,-0.9452705637220334,-0.3760205830734011,-0.1763816951551463,0.2319365149953238,0.1516783750824127,-0.6597565987833791,-2.399016451987687,0.3142098816264251,-0.2005732981901214,0.27396687524634283,1.3567267614069645,True,False,-1.3
D33N,-0.079833657783028,-1.0186105212521914,-0.0062509684024297,0.0092272923932495,0.3734437494729766,0.835496588178411,-0.2176516614543101,-1.0773924337143694,-0.4480920619897994,0.9870131873924864,0.6966586256264146,0.5872399415045063,False,False,
D65R,-0.3139939328976217,-2.0861143475244877,0.2352018775759069,0.2979118542269379,0.2322570728610281,-0.3472931942600232,-1.1222663793737906,-0.4856437807855969,0.4330123560967269,0.0795698866410937,-2.6915644387838107,-0.5366158086161895,False,False,
G18H,0.7184444338510763,-1.3527147722229098,-1.2675826247154045,1.0216649227543066,-1.0914435777936728,1.6863885314276834,-1.040647006328423,-0.4736853088049885,1.6826489220652243,-0.1927073790671599,-2.2210530156334682,-0.7492371667471316,False,False,
E124Q,-0.0129004649608636,-1.263077046352717,-1.4642750588111115,-0.1749716278308491,0.844488425642483,0.0578268858967727,-0.9114163323399262,-1.5899258689070304,0.0962394540833906,0.7147295148171462,0.09521238417652123,0.9011095654120876,False,False,
I27M,0.0970402399158941,0.154828799230333,-0.5979214483758708,0.3121799785989074,0.7007999299021226,0.8873458622867456,0.4285017084881733,-0.7971114212797619,0.047668000170756,0.2656057115216464,1.1730051874183678,0.8808599122567609,True,False,-1.8
D65P,-0.4535437004598737,-1.1571415521424893,0.1752596045242784,0.679516602305148,0.8621619842319126,0.4992599231228981,-0.7209711285674044,-0.5998610399951977,0.7631386128109855,1.3751996713664831,-0.24407957976492364,0.425242716261884,False,False,
I127F,-0.0278774737996212,-0.0,-1.0330724196509076,0.0,-0.593101584491295,-0.02953013095056,-0.0408096865226809,-0.4811781521205629,-0.0671700420995474,-0.997895858686646,-0.16679957287725392,0.3847434099512276,True,False,-2.5
E45R,-0.1310079437845209,-1.9231366641241368,-1.147314089049736,0.0851744151509559,0.0502054096851802,0.7939043993172247,-1.251497053362288,-0.5948582611095603,-0.1757837018832684,-0.4232193328345628,0.029744975026745793,1.3061026285186448,True,False,-1
Y62W,-0.847537096667553,0.6274640810913498,-1.4066263853914347,-0.3515461697236728,-0.1265462197688986,-8.243389966805124e-07,0.625748526681143,-0.5102680895708304,-0.2363972066101713,0.2979313857817547,0.744335977942012,-0.1316227455096322,True,False,0
E6P,-0.6750468245462472,-0.9941638687421386,-0.6782068201963392,0.8288573535347835,3.0016147965566824,-1.1224846037870582,-1.210687366839605,-1.4102748850710154,3.929849274613948,1.9534216774403288,-0.26201195705377517,0.6074895946598359,False,False,
D65K,-0.1921850728139006,-1.3445658880528923,-0.569329138128637,0.3756346776869346,-0.4114294007985765,-0.2205967421570823,-1.4827519436574936,-3.013439992642741,0.4338313977486867,0.8196013430457829,-2.0841407382376334,0.6581137275481556,False,False,
E6Q,0.0573076709336975,-1.075652710442314,0.3139653063644146,-0.1127863706016095,3.2349694207867667,-0.4503548581691507,-1.0066389342261888,-1.3963970761525335,0.7157995550701012,0.8332801406499117,-0.17861217061514817,-0.5264909820385233,False,False,
T76Q,-0.8177278749126137,-0.505230818541087,-0.6550441188682775,-0.6155481853726601,-0.3790731862523185,-0.3999616964616083,-0.3944936363859373,-0.084468674182527,-0.0688783224968217,0.4548886741083233,0.31566676846565633,0.6884882072811456,False,False,
K126R,0.1569048364941533,-1.3527147722229098,-1.860875573902065,-0.0008797027566542,-0.1212968568747948,0.2067117409928868,-1.0066389342261868,-1.5583746626847268,0.0433811961678259,1.2305702133485552,0.12509967965794044,-0.1822468783979519,False,False,
K13R,-0.108820098001443,-1.3119703513728225,-0.9102034735303236,0.1053446093176678,-0.9332133622492323,0.5735266015972122,-0.4761130094313051,0.4307296802042437,1.0719449357255548,0.5633236345574204,0.20252200700028358,-0.0708737860436492,False,False,
T76A,-1.5951513789056404,0.3341042509707186,-0.9936227493657186,-0.8905084312058675,0.902109510346498,-0.6211229459624804,0.4965178526926475,-0.4672015075112047,-0.6134033167349983,1.2464761184108029,-0.2857794729842371,1.1947295361643424,True,True,0.8
G18D,0.5466409486645017,-0.9615683320620686,-0.5094589918902147,0.7242264641251385,0.488849059308931,-0.6424210628410306,-1.95206333866835,-0.4292931537259473,0.8829282468150262,0.1879592424592031,-1.9292960835529471,0.7391123401694654,False,False,
T123R,-0.8583326263931541,-1.2060348571625945,-0.9623882298312436,1.052622076952716,-0.2068194223231273,-0.458397274272297,-1.0202421630670824,-1.3388637550809672,0.8990700027549036,0.053117899279856,0.13093481829955086,0.941608871722744,False,False,
E138Q,-0.8146349204409459,-1.344565888052892,0.0968069122386317,-0.2900280833090182,0.727996278247522,-0.0648126642761118,-0.9386227900217148,-0.908895162808875,-0.6891036889011437,0.7966676952354651,-0.6906811665301308,-1.0529819640770526,False,False,
Q121I,-3.0295090151416515,1.106974983970819,0.508928988719222,-1.399995731389696,0.1354345513824917,-0.1551993948402906,-0.3961940399910495,1.3122475082708909,-0.6067006730747346,0.6333452119553183,-0.05365481141188117,-0.6622269383453321,False,False,-
S91R,-0.180667266956858,-1.3282681197128574,-0.1255989594681683,0.9611331424925766,-0.7411835612003742,1.249006296023055,-0.6869630564651683,-2.0297608625324965,1.1476384732553004,-1.9182241545607508,0.6014462414498934,1.0124826577663932,False,False,
E49P,-1.2578492772632,-1.0675038262722965,-0.0625955958415475,0.962606070167306,-0.3245848237739854,-0.0724259294984564,0.2040484326134155,-0.4498362326690906,1.3593812958834814,-0.425475239479634,1.0777928032418465,-0.1417475720872956,False,False,
A66R,0.7231889135808394,-2.550600745215487,-2.483915685743646,1.83480745895095,0.1228358670329679,0.0617116658446736,-1.9724681819296923,-1.9132288958139845,1.4500580987727896,-0.0025738605561586,-0.6491235937654908,-0.0101248265776632,False,False,
A66P,-0.3789445572347805,-0.8556328378518406,-0.2197185764132319,0.970728202947035,-0.3665033593220125,-0.4482277338264119,-0.6869630564651703,0.0477760348142532,0.8923887389183636,-0.0256531920514645,0.9884155577069357,1.3668515879846308,True,True,0.8
E124N,-0.0110331653867714,-1.5319902239632956,-0.8424390844018359,-0.2527530827463027,0.7733595963632498,0.2019046905773639,-1.108663150532895,-1.0732703533346402,-0.1272987662653107,-0.1024592691427712,0.4286692094763557,0.9416088717227468,False,False,
D33H,0.8673227497037256,-0.415593092670894,-2.088884271587393,-0.4822573041640302,-0.1055424399709444,1.0080195288243232,-0.0272064576817872,-2.116862684610386,-0.1528813962908401,0.3807027228807869,1.0241379918299651,-0.0911234391989759,False,False,
D50P,-0.1995043647433666,-1.230481509672647,0.9348289150145548,0.7238146706729807,-0.1770839174259813,0.1177004406503623,-0.4557081661699626,-0.1187987965765838,0.6385694772089789,-1.02490066737686,-0.5894913232573258,-2.2173370205084044,True,False,-6
E138H,-1.2303093767026838,-0.8963772587019283,0.9638395066921428,0.1970419802633788,-0.1046141599971358,-0.903801647040791,-0.9046147179194786,-0.0818891359905506,-0.70561268927688,-0.8774632916905863,-0.72056846201155,-0.8606102591014342,False,False,
E45K,-0.5902781810255162,-0.9615683320620686,-1.1649317352936734,0.6830246741083695,-0.4774503526473415,0.3634360599315719,-1.6459906897482273,-2.1140942614696554,1.1027493114780025,-0.474746701915558,0.17263471151886436,2.06546462184344,True,True,2
Q121V,-3.007983397769182,1.0919504787823493,-0.9563250969085912,-1.859944848240448,0.2159938235497875,-0.7049237643853272,-0.0204048432613424,0.1460469224204135,-0.7856523867457026,0.1901887548063828,-0.8277357643806389,0.8403606059461047,True,False,-10
G89S,0.8877554417743154,-1.849796706593979,-1.2684364228426803,0.0,-0.1348277759485821,0.3174476712099726,-1.7548165204753805,-1.1218278637767929,0.2288867870700461,-1.6824212153654297,-0.20252200700028358,0.7087378604364752,False,False,
D24E,-0.911786454477722,-0.4970819343710693,1.7046589669879804,0.0164722223313863,-0.7902387166509477,0.538193124121766,0.0272064576817872,-1.330220747837203,0.4110478201954263,-1.7119487538209817,1.673261585595456,1.3871012411399577,False,False,
E124R,0.0687689779895783,-2.428367482665224,-1.773566265602077,-0.1723735929058192,0.3033670624929706,-0.0819402853110949,-1.992873025191033,-1.205494213417022,-0.0417458624864965,-1.0249754474277284,0.19056708880771586,1.5389736398049163,True,False,-2.8
A48L,0.3204475723409377,0.154828799230333,-0.8611539995405477,-0.347449061518402,-1.41240409499381,0.6925461495074041,-0.9046147179194804,-2.209296347167567,0.4713428046810072,-1.5176851770707738,0.9766029599690413,0.8606102591014342,False,False,
E49R,-1.2461943411500698,-1.8660944749340145,-2.455023292386979,0.4403786401039283,-0.3938395109256997,0.3900061544188337,-0.918217946760375,-1.991884247739987,1.1499847742473306,-0.9961031529533944,-0.8991806326266981,-1.5794729461155756,False,False,
E138R,-1.1455509540706068,-2.8521094595061354,0.1506331993876161,0.6771934349782134,0.65853057749755,-0.907855581350469,-2.5710102509290462,-0.8296886625188692,0.4268790691133026,0.5477646567540383,-1.4469720626647105,-0.9517336983004132,False,False,
E138N,0.6459854311443812,-0.7741439961516653,0.4247743509128625,-1.2572496015962498,0.363711038567042,-0.6451956230304469,-0.7005662853060621,-1.4690651706131914,-0.9601329531254263,-0.25157407753196,-0.8752707962415629,-2.38945907232869,False,False,
